<sentence id="d00.s00">
<instance id="d00.s00.t000" lemma = "تلسکوپ" pos="NOUN">تلسکوپهای</instance>
<instance id="d00.s00.t001" lemma = "فضایی" pos="ADJ">فضایی</instance>
<instance id="d00.s00.t002" lemma = "هابل" pos="NOUN">هابل</instance>
<wf lemma="و" pos="Con">و</wf>
<wf lemma="سوییفت" pos="NOUN">سوییفت</wf>
<instance id="d00.s00.t003" lemma = "موفق شدن" pos="VERB">موفق شده اند</instance>
<instance id="d00.s00.t004" lemma = "پدیده" pos="NOUN">پدیده</instance>
<instance id="d00.s00.t005" lemma = "برخورد" pos="NOUN">برخورد</instance>
<wf lemma="اخترواره‌ای" pos="ADJ">اخترواره‌ای</wf>
<wf lemma="بزرگ" pos="ADJ">بزرگ</wf>
<wf lemma="و" pos="Con">و</wf>
<wf lemma="اخترواره‌ای" pos="ADJ">اخترواره‌ای</wf>
<instance id="d00.s00.t006" lemma = "کوچک" pos="ADJ">کوچک</instance>
<wf lemma="که" pos="Con">که</wf>
<wf lemma="از" pos="P">از</wf>
<instance id="d00.s00.t007" lemma = "نظر" pos="NOUN">نظر</instance>
<instance id="d00.s00.t008" lemma = "تفاوت" pos="NOUN">تفاوت</instance>
<instance id="d00.s00.t009" lemma = "ابعاد" pos="NOUN">ابعاد</instance>
<wf lemma="به" pos="P">به</wf>
<instance id="d00.s00.t010" lemma = "یک" pos="ADJ">یک</instance>
<instance id="d00.s00.t011" lemma = "کامیون" pos="NOUN">کامیون</instance>
<wf lemma="و" pos="Con">و</wf>
<instance id="d00.s00.t012" lemma = "یک" pos="ADJ">یک</instance>
<instance id="d00.s00.t013" lemma = "پشه" pos="NOUN">پشه</instance>
<instance id="d00.s00.t014" lemma = "شباهت داشتن" pos="VERB">شباهت دارند</instance>
<wf lemma="را" pos="obj marker">را</wf>
<instance id="d00.s00.t015" lemma = "رصد کردن" pos="VERB">رصد کنند</instance>
</sentence>
<sentence id="d00.s01">
<instance id="d00.s01.t000" lemma = "تصور کردن" pos="VERB">تصور کنید</instance>
<wf lemma="در" pos="P">در</wf>
<instance id="d00.s01.t001" lemma = "یک" pos="ADJ">یک</instance>
<instance id="d00.s01.t002" lemma = "بزرگراه" pos="NOUN">بزرگراه</instance>
<instance id="d00.s01.t003" lemma = "کامیون" pos="NOUN">کامیونی</instance>
<wf lemma="از" pos="P">از</wf>
<instance id="d00.s01.t004" lemma = "یک" pos="ADJ">یک</instance>
<instance id="d00.s01.t005" lemma = "سو" pos="NOUN">سو</instance>
<wf lemma="با سرعت" pos="ADV">با سرعت</wf>
<instance id="d00.s01.t006" lemma = "حال" pos="ADJ">درحال حرکت</instance>
<instance id="d00.s01.t007" lemma = "بودن" pos="VERB">بوده</instance>
<wf lemma="و" pos="Con">و</wf>
<wf lemma="از" pos="P">از</wf>
<instance id="d00.s01.t008" lemma = "سو" pos="NOUN">سوی</instance>
<wf lemma="مخالف" pos="ADJ">مخالف</wf>
<wf lemma="نیز" pos="Con">نیز</wf>
<instance id="d00.s01.t009" lemma = "پشه" pos="NOUN">پشه‌ای</instance>
<wf lemma="در پرواز" pos="ADJ">در پرواز</wf>
<instance id="d00.s01.t010" lemma = "بودن" pos="VERB">است</instance>
<instance id="d00.s01.t011" lemma = "نتیجه" pos="NOUN">نتیجه</instance>
<instance id="d00.s01.t012" lemma = "پشه" pos="NOUN">پشه</instance>
<wf lemma="با" pos="P">با</wf>
<instance id="d00.s01.t013" lemma = "گلگیر" pos="NOUN">گلگیر</instance>
<instance id="d00.s01.t014" lemma = "کامیون" pos="NOUN">کامیون</instance>
<instance id="d00.s01.t015" lemma = "برخورد کردن" pos="VERB">برخورد کرده</instance>
<wf lemma="و" pos="Con">و</wf>
<wf lemma="فعل دو جزیی" pos="V1">تبدیل</wf>
<wf lemma="به" pos="P">به</wf>
<instance id="d00.s01.t016" lemma = "پودر" pos="NOUN">پودر</instance>
<instance id="d00.s01.t017" lemma = "تبدیل شدن" pos="V2">شده</instance>
<wf lemma="و" pos="Con">و</wf>
<instance id="d00.s01.t018" lemma = "ذره" pos="NOUN">ذراتش</instance>
<wf lemma="در" pos="P">در</wf>
<instance id="d00.s01.t019" lemma = "هوا" pos="NOUN">هوا</instance>
<instance id="d00.s01.t020" lemma = "ناپدید شدن" pos="VERB">ناپدید خواهد شد</instance>
</sentence>
<sentence id="d00.s02">
<wf lemma="این" pos="Pro">این</wf>
<instance id="d00.s02.t000" lemma = "در اصل" pos="ADV">در اصل</instance>
<wf lemma="همان" pos="ADJ">همان</wf>
<instance id="d00.s02.t001" lemma = "اتفاق" pos="NOUN">اتفاقی</instance>
<instance id="d00.s02.t002" lemma = "بودن" pos="VERB">است</instance>
<wf lemma="که" pos="Con">که</wf>
<instance id="d00.s02.t003" lemma = "سال" pos="NOUN">سال</instance>
<instance id="d00.s02.t004" lemma = "گذشته" pos="ADJ">گذشته</instance>
<wf lemma="در" pos="P">در</wf>
<wf lemma="کمربند" pos="NOUN">کمربند</wf>
<wf lemma="اخترواره‌ای" pos="ADJ">اخترواره‌ای</wf>
<instance id="d00.s02.t005" lemma = "رخ دادن" pos="VERB">رخ داده است</instance>
</sentence>
<sentence id="d00.s03">
<wf lemma="اخترواره" pos="NOUN">اخترواره‌ای</wf>
<wf lemma="به" pos="P">به</wf>
<instance id="d00.s03.t000" lemma = "وسعت" pos="NOUN">وسعت</instance>
<instance id="d00.s03.t001" lemma = "۱۰۰" pos="ADJ">۱۰۰</instance>
<instance id="d00.s03.t002" lemma = "کیلومتر" pos="NOUN">کیلومتر</instance>
<wf lemma="با" pos="P">با</wf>
<wf lemma="اخترواره" pos="NOUN">اخترواره‌ای</wf>
<wf lemma="۳۰ متری" pos="ADJ">۳۰ متری</wf>
<instance id="d00.s03.t003" lemma = "برخورد کردن" pos="VERB">برخورد کرده</instance>
<wf lemma="و" pos="Con">و</wf>
<instance id="d00.s03.t004" lemma = "ذره" pos="NOUN">ذرات</instance>
<wf lemma="ناشی" pos="ADJ">ناشی</wf>
<wf lemma="از" pos="P">از</wf>
<wf lemma="این" pos="ADJ">این</wf>
<instance id="d00.s03.t005" lemma = "برخورد" pos="NOUN">برخورد</instance>
<wf lemma="برای" pos="P">برای</wf>
<instance id="d00.s03.t006" lemma = "مدت" pos="NOUN">مدتی</instance>
<instance id="d00.s03.t007" lemma = "کوتاه" pos="ADJ">کوتاه</instance>
<wf lemma="فعل دو جزیی" pos="V1">منجر</wf>
<wf lemma="به" pos="P">به</wf>
<instance id="d00.s03.t008" lemma = "تشکیل" pos="NOUN">تشکیل</instance>
<instance id="d00.s03.t009" lemma = "دنباله" pos="NOUN">دنباله‌ای</instance>
<instance id="d00.s03.t010" lemma = "مشابه" pos="ADJ">مشابه</instance>
<instance id="d00.s03.t011" lemma = "دم" pos="NOUN">دم</instance>
<instance id="d00.s03.t012" lemma = "ستاره" pos="NOUN">ستاره‌های</instance>
<instance id="d00.s03.t013" lemma = "دنباله دار" pos="ADJ">دنباله دار</instance>
<instance id="d00.s03.t014" lemma = "منجر شدن" pos="V2">شد</instance>
</sentence>
<sentence id="d00.s04">
<wf lemma="در" pos="P">در</wf>
<instance id="d00.s04.t000" lemma = "ابتدا" pos="NOUN">ابتدا</instance>
<wf lemma="تصور شدن" pos="VERB">تصور می‌شد</wf>
<instance id="d00.s04.t001" lemma = "درخشش" pos="NOUN">درخشش</instance>
<instance id="d00.s04.t002" lemma = "شدید" pos="ADJ">شدید</instance>
<wf lemma="و" pos="Con">و</wf>
<instance id="d00.s04.t003" lemma = "دنباله" pos="NOUN">دنباله</instance>
<instance id="d00.s04.t004" lemma = "درخشان" pos="ADJ">درخشانی</instance>
<wf lemma="که" pos="Con">که</wf>
<wf lemma="در" pos="P">در</wf>
<wf lemma="اخترواره" pos="NOUN">اخترواره</wf>
<wf lemma="۵۹۶ Scheila" pos="unkownnoun">۵۹۶ Scheila</wf>
<wf lemma="واقع" pos="ADJ">واقع</wf>
<wf lemma="در" pos="P">در</wf>
<wf lemma="کمربند" pos="NOUN">کمربند</wf>
<wf lemma="اخترواره‌ای" pos="ADJ">اخترواره‌ای</wf>
<instance id="d00.s04.t005" lemma = "مشاهده شدن" pos="VERB">مشاهده شده</instance>
<wf lemma="ناشی" pos="ADJ">ناشی</wf>
<wf lemma="از" pos="P">از</wf>
<instance id="d00.s04.t006" lemma = "فوران" pos="NOUN">فوران</instance>
<instance id="d00.s04.t007" lemma = "ذره" pos="NOUN">ذرات</instance>
<wf lemma="یا" pos="Con">یا</wf>
<instance id="d00.s04.t008" lemma = "بخار" pos="NOUN">بخار</instance>
<instance id="d00.s04.t009" lemma = "آب" pos="NOUN">آب</instance>
<wf lemma="از" pos="P">از</wf>
<wf lemma="میان" pos="NOUN">میان</wf>
<wf lemma="اخترواره" pos="NOUN">اخترواره</wf>
<wf lemma="به" pos="P">به</wf>
<wf lemma="میان" pos="NOUN">میان</wf>
<instance id="d00.s04.t010" lemma = "فضا" pos="NOUN">فضا</instance>
<instance id="d00.s04.t011" lemma = "بودن" pos="VERB">بوده است</instance>
</sentence>
<sentence id="d00.s05">
<wf lemma="با این همه" pos="Con">با این همه</wf>
<instance id="d00.s05.t000" lemma = "دو" pos="ADJ">دو</instance>
<instance id="d00.s05.t001" lemma = "تلسکوپ" pos="NOUN">تلسکوپ</instance>
<wf lemma="سوییفت" pos="NOUN">سوییفت</wf>
<wf lemma="و" pos="Con">و</wf>
<instance id="d00.s05.t002" lemma = "هابل" pos="NOUN">هابل</instance>
<wf lemma="به" pos="P">به</wf>
<instance id="d00.s05.t003" lemma = "واقعیت" pos="NOUN">واقعیت</instance>
<wf lemma="این" pos="ADJ">این</wf>
<instance id="d00.s05.t004" lemma = "پدیده" pos="NOUN">پدیده</instance>
<instance id="d00.s05.t005" lemma = "پی بردن" pos="VERB">پی برده اند</instance>
<instance id="d00.s05.t006" lemma = "تصویر" pos="NOUN">تصویر</instance>
<instance id="d00.s05.t007" lemma = "هابل" pos="NOUN">هابل</instance>
<wf lemma="از" pos="P">از</wf>
<instance id="d00.s05.t008" lemma = "برخورد" pos="NOUN">برخورد</instance>
<wf lemma="دو" pos="ADJ">دو</wf>
<wf lemma="اخترواره" pos="NOUN">اخترواره</wf>
<instance id="d00.s05.t009" lemma = "رصد" pos="NOUN">رصدهای</instance>
<wf lemma="این" pos="ADJ">این</wf>
<instance id="d00.s05.t010" lemma = "دو" pos="ADJ">دو</instance>
<instance id="d00.s05.t011" lemma = "تلسکوپ" pos="NOUN">تلسکوپ</instance>
<instance id="d00.s05.t012" lemma = "نشان دادن" pos="VERB">نشان دادند</instance>
<wf lemma="که" pos="Con">که</wf>
<wf lemma="این" pos="ADJ">این</wf>
<wf lemma="اخترواره" pos="NOUN">اخترواره</wf>
<instance id="d00.s05.t013" lemma = "در واقع" pos="ADV">در واقع</instance>
<wf lemma="با" pos="P">با</wf>
<wf lemma="اخترواره" pos="NOUN">اخترواره‌ای</wf>
<instance id="d00.s05.t014" lemma = "دیگر" pos="ADJ">دیگر</instance>
<wf lemma="اما" pos="Con">اما</wf>
<instance id="d00.s05.t015" lemma = "بسیار" pos="ADV">بسیار</instance>
<instance id="d00.s05.t016" lemma = "کوچک" pos="ADJ">کوچکتر</instance>
<wf lemma="از" pos="P">از</wf>
<wf lemma="اخترواره" pos="NOUN">اخترواره‌های</wf>
<wf lemma="کمربند" pos="NOUN">کمربند</wf>
<wf lemma="اخترواره‌ای" pos="ADJ">اخترواره‌ای</wf>
<wf lemma="در" pos="P">در</wf>
<instance id="d00.s05.t017" lemma = "سامانه" pos="NOUN">سامانه</instance>
<instance id="d00.s05.t018" lemma = "خورشیدی" pos="ADJ">خورشیدی</instance>
<instance id="d00.s05.t019" lemma = "جا" pos="NOUN">جایی</instance>
<wf lemma="در" pos="P">در</wf>
<wf lemma="میان" pos="NOUN">میان</wf>
<instance id="d00.s05.t020" lemma = "مدار" pos="NOUN">مدار</instance>
<instance id="d00.s05.t021" lemma = "مریخ" pos="NOUN">مریخ</instance>
<wf lemma="و" pos="Con">و</wf>
<instance id="d00.s05.t022" lemma = "مشتری" pos="NOUN">مشتری</instance>
<instance id="d00.s05.t023" lemma = "برخورد کردن" pos="VERB">برخورد کرده است</instance>
</sentence>
<sentence id="d00.s06">
<instance id="d00.s06.t000" lemma = "چنین" pos="ADJ">چنین</instance>
<instance id="d00.s06.t001" lemma = "برخورد" pos="NOUN">برخوردهایی</instance>
<wf lemma="فعل دو جزیی" pos="V1">منجر</wf>
<wf lemma="به" pos="P">به</wf>
<wf lemma="خلق" pos="NOUN">خلق</wf>
<wf lemma="خرده سنگ" pos="NOUN">خرده سنگ‌هایی</wf>
<wf lemma="از" pos="P">از</wf>
<instance id="d00.s06.t002" lemma = "ذره" pos="NOUN">ذرات</instance>
<instance id="d00.s06.t003" lemma = "ریز" pos="ADJ">ریز</instance>
<wf lemma="فعل دو جزیی" pos="VERB">گرفته</wf>
<wf lemma="تا" pos="Con">تا</wf>
<instance id="d00.s06.t004" lemma = "قطعه" pos="NOUN">قطعات</instance>
<wf lemma="بزرگ" pos="ADJ">بزرگ</wf>
<instance id="d00.s06.t005" lemma = "منجر شدن" pos="V2">می‌شوند</instance>
<wf lemma="که" pos="Con">که</wf>
<wf lemma="این" pos="ADJ">این</wf>
<instance id="d00.s06.t006" lemma = "ذره" pos="NOUN">ذرات</instance>
<wf lemma="نیز" pos="Con">نیز</wf>
<instance id="d00.s06.t007" lemma = "توانستن" pos="VERB">می‌توانند</instance>
<wf lemma="برای" pos="P">برای</wf>
<instance id="d00.s06.t008" lemma = "سیاره" pos="NOUN">سیاره‌ها</instance>
<wf lemma="و" pos="Con">و</wf>
<instance id="d00.s06.t009" lemma = "قمر" pos="NOUN">قمرهای</instance>
<wf lemma="آنها" pos="Pro">آنها</wf>
<instance id="d00.s06.t010" lemma = "خطرساز" pos="ADJ">خطرساز</instance>
<wf lemma="شدن" pos="VERB">شوند</wf>
<wf lemma="این" pos="ADJ">این</wf>
<instance id="d00.s06.t011" lemma = "پدیده" pos="NOUN">پدیده</instance>
<wf lemma="برای" pos="P">برای</wf>
<instance id="d00.s06.t012" lemma = "اولین" pos="ADJ">اولین</instance>
<instance id="d00.s06.t013" lemma = "بار" pos="NOUN">بار</instance>
<wf lemma="در" pos="P">در</wf>
<instance id="d00.s06.t014" lemma = "دسامبر" pos="NOUN">دسامبر</instance>
<wf lemma="۲۰۱۰" pos="ADJ">۲۰۱۰</wf>
<wf lemma="توسط" pos="P">توسط</wf>
<instance id="d00.s06.t015" lemma = "دانشگاه" pos="NOUN">دانشگاه</instance>
<instance id="d00.s06.t016" lemma = "آریزونا" pos="NOUN">آریزونا</instance>
<wf lemma="کاتالینا" pos="NOUN">کاتالینا</wf>
<wf lemma="رصد شدن" pos="VERB">رصد شد</wf>
<wf lemma="اما" pos="Con">اما</wf>
<instance id="d00.s06.t017" lemma = "محقق" pos="NOUN">محققان</instance>
<wf lemma="برای" pos="P">برای</wf>
<instance id="d00.s06.t018" lemma = "بررسی" pos="NOUN">بررسی</instance>
<instance id="d00.s06.t019" lemma = "دقیق" pos="ADJ">دقیق‌تر</instance>
<wf lemma="آن" pos="Pro">آن</wf>
<instance id="d00.s06.t020" lemma = "ابتدا" pos="ADV">ابتدا</instance>
<wf lemma="از" pos="P">از</wf>
<instance id="d00.s06.t021" lemma = "تلسکوپ" pos="NOUN">تلسکوپ</instance>
<wf lemma="ماورا بنفش" pos="ADJ">ماورا بنفش</wf>
<wf lemma="سوییفت" pos="NOUN">سوییفت</wf>
<instance id="d00.s06.t022" lemma = "استفاده کردن" pos="VERB">استفاده کرده</instance>
<wf lemma="و" pos="Con">و</wf>
<instance id="d00.s06.t023" lemma = "دریافتن" pos="VERB">دریافتند</instance>
<wf lemma="این" pos="ADJ">این</wf>
<instance id="d00.s06.t024" lemma = "رویداد" pos="NOUN">رویداد</instance>
<instance id="d00.s06.t025" lemma = "یک" pos="ADJ">یک</instance>
<instance id="d00.s06.t026" lemma = "فوران" pos="NOUN">فوران</instance>
<wf lemma="اخترواره‌ای" pos="ADJ">اخترواره‌ای</wf>
<instance id="d00.s06.t027" lemma = "بودن" pos="VERB">نبوده است</instance>
</sentence>
<sentence id="d00.s07">
<instance id="d00.s07.t000" lemma = "سپس" pos="ADV">سپس</instance>
<instance id="d00.s07.t001" lemma = "تلسکوپ" pos="NOUN">تلسکوپ</instance>
<instance id="d00.s07.t002" lemma = "هابل" pos="NOUN">هابل</instance>
<wf lemma="فعل دو جزیی" pos="V1">نگاهی</wf>
<instance id="d00.s07.t003" lemma = "نزدیک" pos="ADJ">نزدیک</instance>
<wf lemma="به" pos="P">به</wf>
<wf lemma="این" pos="ADJ">این</wf>
<wf lemma="اخترواره" pos="NOUN">اخترواره</wf>
<instance id="d00.s07.t004" lemma = "نگاه انداختن" pos="V2">انداخته</instance>
<wf lemma="و" pos="Con">و</wf>
<wf lemma="فعل دو جزیی" pos="V1">موفق</wf>
<wf lemma="به" pos="P">به</wf>
<instance id="d00.s07.t005" lemma = "کشف" pos="NOUN">کشف</instance>
<instance id="d00.s07.t006" lemma = "دو" pos="ADJ">دو</instance>
<instance id="d00.s07.t007" lemma = "توده" pos="NOUN">توده</instance>
<instance id="d00.s07.t008" lemma = "موفق شدن" pos="V2">شد</instance>
<instance id="d00.s07.t009" lemma = "توده" pos="NOUN">توده‌ای</instance>
<instance id="d00.s07.t010" lemma = "بزرگ" pos="ADJ">بزرگ</instance>
<wf lemma="و" pos="Con">و</wf>
<instance id="d00.s07.t011" lemma = "درخشان" pos="ADJ">درخشان</instance>
<wf lemma="به" pos="P">به</wf>
<instance id="d00.s07.t012" lemma = "سو" pos="NOUN">سوی</instance>
<instance id="d00.s07.t013" lemma = "شمال" pos="NOUN">شمال</instance>
<wf lemma="و" pos="Con">و</wf>
<instance id="d00.s07.t014" lemma = "توده" pos="NOUN">توده‌ای</instance>
<instance id="d00.s07.t015" lemma = "کوچک" pos="ADJ">کوچکتر</instance>
<wf lemma="و" pos="Con">و</wf>
<instance id="d00.s07.t016" lemma = "کم نور" pos="ADJ">کم نورتر</instance>
<wf lemma="به" pos="P">به</wf>
<instance id="d00.s07.t017" lemma = "سو" pos="NOUN">سوی</instance>
<instance id="d00.s07.t018" lemma = "جنوب" pos="NOUN">جنوب</instance>
<wf lemma="از این رو" pos="Con">از این رو</wf>
<instance id="d00.s07.t019" lemma = "اخترشناس" pos="NOUN">اخترشناسان</instance>
<instance id="d00.s07.t020" lemma = "احتمال دادن" pos="VERB">احتمال دادند</instance>
</sentence>
<sentence id="d00.s08">
<wf lemma="این" pos="ADJ">این</wf>
<instance id="d00.s08.t000" lemma = "توده" pos="NOUN">توده‌ها</instance>
<wf lemma="در" pos="P">در</wf>
<wf lemma="اثر" pos="NOUN">اثر</wf>
<instance id="d00.s08.t001" lemma = "برخورد" pos="NOUN">برخورد</instance>
<wf lemma="اخترواره" pos="NOUN">اخترواره هایی</wf>
<instance id="d00.s08.t002" lemma = "کوچک" pos="ADJ">کوچکتر</instance>
<wf lemma="با" pos="P">با</wf>
<instance id="d00.s08.t003" lemma = "سطح" pos="NOUN">سطح</instance>
<wf lemma="۵۹۶ Scheila" pos="unkownnoun">۵۹۶ Scheila</wf>
<instance id="d00.s08.t004" lemma = "به وجود آمدن" pos="VERB">به وجود آمده</instance>
<wf lemma="و" pos="Con">و</wf>
<wf lemma="حفره" pos="NOUN">حفره‌ای</wf>
<wf lemma="به" pos="P">به</wf>
<instance id="d00.s08.t005" lemma = "وسعت" pos="NOUN">وسعت</instance>
<wf lemma="۳۰۰" pos="ADJ">۳۰۰</wf>
<instance id="d00.s08.t006" lemma = "متر" pos="NOUN">متر</instance>
<wf lemma="را" pos="obj marker">را</wf>
<wf lemma="بر" pos="P">بر</wf>
<instance id="d00.s08.t007" lemma = "رو" pos="NOUN">روی</instance>
<wf lemma="آن" pos="Pro">آن</wf>
<instance id="d00.s08.t008" lemma = "حفر کردن" pos="VERB">حفر کرده است</instance>
</sentence>
<sentence id="d00.s09">
<wf lemma="این" pos="ADJ">این</wf>
<instance id="d00.s09.t000" lemma = "برخورد" pos="NOUN">برخورد</instance>
<instance id="d00.s09.t001" lemma = "توده" pos="NOUN">توده‌ای</instance>
<wf lemma="از" pos="P">از</wf>
<instance id="d00.s09.t002" lemma = "ذره" pos="NOUN">ذرات</instance>
<wf lemma="به" pos="P">به</wf>
<instance id="d00.s09.t003" lemma = "حجم" pos="NOUN">حجم</instance>
<wf lemma="۶۶۰ هزار" pos="ADJ">۶۶۰ هزار</wf>
<instance id="d00.s09.t004" lemma = "تن" pos="NOUN">تن</instance>
<wf lemma="را" pos="obj marker">را</wf>
<wf lemma="به" pos="P">به</wf>
<instance id="d00.s09.t005" lemma = "فضا" pos="NOUN">فضا</instance>
<instance id="d00.s09.t006" lemma = "پرتاب کردن" pos="VERB">پرتاب کرده</instance>
<wf lemma="و" pos="Con">و</wf>
<instance id="d00.s09.t007" lemma = "دم" pos="NOUN">دمی</instance>
<instance id="d00.s09.t008" lemma = "مشابه" pos="ADJ">مشابه</instance>
<instance id="d00.s09.t009" lemma = "دم" pos="NOUN">دم</instance>
<instance id="d00.s09.t010" lemma = "ستاره" pos="NOUN">ستاره‌های</instance>
<instance id="d00.s09.t011" lemma = "دنباله دار" pos="ADJ">دنباله دار</instance>
<wf lemma="را" pos="obj marker">را</wf>
<wf lemma="برای" pos="P">برای</wf>
<wf lemma="اخترواره" pos="NOUN">اخترواره</wf>
<instance id="d00.s09.t012" lemma = "خلق کردن" pos="VERB">خلق کرده است</instance>
</sentence>
<sentence id="d00.s10">
<instance id="d00.s10.t000" lemma = "تصویر" pos="NOUN">تصویر</instance>
<wf lemma="سوییفت" pos="NOUN">سوییفت</wf>
<wf lemma="از" pos="P">از</wf>
<instance id="d00.s10.t001" lemma = "برخورد" pos="NOUN">برخورد</instance>
<instance id="d00.s10.t002" lemma = "دو" pos="ADJ">دو</instance>
<wf lemma="اخترواره" pos="NOUN">اخترواره</wf>
<instance id="d00.s10.t003" lemma = "اخترشناس" pos="NOUN">اخترشناسان</instance>
<wf lemma="بر" pos="P">بر</wf>
<instance id="d00.s10.t004" lemma = "اساس" pos="NOUN">اساس</instance>
<instance id="d00.s10.t005" lemma = "رصد" pos="NOUN">رصدهایی</instance>
<wf lemma="که" pos="Con">که</wf>
<wf lemma="از" pos="P">از</wf>
<instance id="d00.s10.t006" lemma = "برخورد" pos="NOUN">برخوردهای</instance>
<instance id="d00.s10.t007" lemma = "مشابه" pos="ADJ">مشابه</instance>
<instance id="d00.s10.t008" lemma = "انجام دادن" pos="VERB">انجام داده اند</instance>
<instance id="d00.s10.t009" lemma = "تخمین زدن" pos="VERB">تخمین می‌زنند</instance>
<instance id="d00.s10.t010" lemma = "سالانه" pos="ADV">سالانه</instance>
<instance id="d00.s10.t011" lemma = "توانستن" pos="VERB">می‌توان</instance>
<instance id="d00.s10.t012" lemma = "دست کم" pos="ADV">دست کم</instance>
<instance id="d00.s10.t013" lemma = "یک" pos="ADJ">یک</instance>
<instance id="d00.s10.t014" lemma = "برخورد" pos="NOUN">برخورد</instance>
<wf lemma="اخترواره‌ای" pos="ADJ">اخترواره‌ای</wf>
<wf lemma="را" pos="obj marker">را</wf>
<instance id="d00.s10.t015" lemma = "رصد کردن" pos="VERB">رصد کرد</instance>
<wf lemma="و" pos="Con">و</wf>
<instance id="d00.s10.t016" lemma = "برخورد" pos="NOUN">برخورد</instance>
<wf lemma="۵۹۶ Scheila" pos="unkownnoun">۵۹۶ Scheila</wf>
<wf lemma="نیز" pos="Con">نیز</wf>
<instance id="d00.s10.t017" lemma = "تایید" pos="NOUN">تاییدی</instance>
<wf lemma="بر" pos="P">بر</wf>
<wf lemma="این" pos="ADJ">این</wf>
<instance id="d00.s10.t018" lemma = "فرضیه" pos="NOUN">فرضیه</instance>
<instance id="d00.s10.t019" lemma = "بودن" pos="VERB">است</instance>
</sentence>
<sentence id="d00.s11">
<instance id="d00.s11.t000" lemma = "هابل" pos="NOUN">هابل</instance>
<wf lemma="نیز" pos="">نیز</wf>
<instance id="d00.s11.t001" lemma = "تصویر" pos="NOUN">تصاویر</instance>
<wf lemma="خود" pos="Pro">خود</wf>
<wf lemma="را" pos="obj marker">را</wf>
<wf lemma="از" pos="P">از</wf>
<wf lemma="این" pos="ADJ">این</wf>
<wf lemma="اخترواره" pos="NOUN">اخترواره</wf>
<wf lemma="در" pos="P">در</wf>
<instance id="d00.s11.t002" lemma = "تاریخ" pos="NOUN">تاریخ</instance>
<wf lemma="۲۷" pos="ADJ">۲۷</wf>
<instance id="d00.s11.t003" lemma = "دسامبر" pos="NOUN">دسامبر</instance>
<wf lemma="۲۰۱۰" pos="ADJ">۲۰۱۰</wf>
<instance id="d00.s11.t004" lemma = "به ثبت رساندن" pos="VERB">به ثبت رساند</instance>
<wf lemma="در حالی که" pos="Con">در حالی که</wf>
<wf lemma="این" pos="ADJ">این</wf>
<wf lemma="اخترواره" pos="NOUN">اخترواره</wf>
<wf lemma="در" pos="P">در</wf>
<instance id="d00.s11.t005" lemma = "فاصله" pos="NOUN">فاصله</instance>
<wf lemma="۳۵۰ میلیون کیلومتری" pos="ADJ">۳۵۰ میلیون کیلومتری</wf>
<instance id="d00.s11.t006" lemma = "قرار گرفتن" pos="VERB">قرار گرفته بود</instance>
</sentence>
<sentence id="d00.s12">
<wf lemma="بر" pos="P">بر</wf>
<instance id="d00.s12.t000" lemma = "اساس" pos="NOUN">اساس</instance>
<instance id="d00.s12.t001" lemma = "گزارش" pos="NOUN">گزارش</instance>
<wf lemma="دیسکاوری" pos="NOUN">دیسکاوری</wf>
<wf lemma="این" pos="ADJ">این</wf>
<wf lemma="اخترواره" pos="NOUN">اخترواره</wf>
<wf lemma="توسط" pos="P">توسط</wf>
<instance id="d00.s12.t002" lemma = "توده" pos="NOUN">توده‌ای</instance>
<wf lemma="C شکل" pos="ADJ">C شکل</wf>
<wf lemma="از" pos="P">از</wf>
<instance id="d00.s12.t003" lemma = "غبار" pos="NOUN">غبارها</instance>
<instance id="d00.s12.t004" lemma = "احاطه شدن" pos="VERB">احاطه شده</instance>
<wf lemma="و" pos="Con">و</wf>
<wf lemma="در" pos="P">در</wf>
<instance id="d00.s12.t005" lemma = "تصویر" pos="NOUN">تصویری</instance>
<wf lemma="که" pos="Con">که</wf>
<wf lemma="توسط" pos="P">توسط</wf>
<instance id="d00.s12.t006" lemma = "هابل" pos="NOUN">هابل</instance>
<instance id="d00.s12.t007" lemma = "به ثبت رسیدن" pos="VERB">به ثبت رسیده</instance>
<instance id="d00.s12.t008" lemma = "دنباله" pos="NOUN">دنباله‌ای</instance>
<instance id="d00.s12.t009" lemma = "خطی" pos="ADJ">خطی</instance>
<wf lemma="از" pos="P">از</wf>
<instance id="d00.s12.t010" lemma = "غبار" pos="NOUN">غبارها</instance>
<wf lemma="را" pos="obj marker">را</wf>
<wf lemma="در" pos="P">در</wf>
<instance id="d00.s12.t011" lemma = "نور" pos="NOUN">نور</instance>
<instance id="d00.s12.t012" lemma = "مریی" pos="ADJ">مریی</instance>
<instance id="d00.s12.t013" lemma = "به نمایش گذاشتن" pos="VERB">به نمایش گذاشته است</instance>
</sentence>
<text id=d0>
<sentence id="d01.s00">
<instance id="d01.s00.t000" lemma = "مرکز" pos="NOUN">مرکز</instance>
<instance id="d01.s00.t001" lemma = "علوم" pos="NOUN">علوم</instance>
<wf lemma="و" pos="Con">و</wf>
<instance id="d01.s00.t002" lemma = "ستاره شناسی" pos="NOUN">ستاره شناسی</instance>
<instance id="d01.s00.t003" lemma = "تهران" pos="NOUN">تهران</instance>
<wf lemma="در" pos="P">در</wf>
<instance id="d01.s00.t004" lemma = "روز" pos="NOUN">روز</instance>
<instance id="d01.s00.t005" lemma = "جهانی" pos="ADJ">جهانی</instance>
<instance id="d01.s00.t006" lemma = "نجوم" pos="NOUN">نجوم</instance>
<wf lemma="که" pos="Con">که</wf>
<wf lemma="در" pos="P">در</wf>
<instance id="d01.s00.t007" lemma = "روز" pos="NOUN">روز</instance>
<instance id="d01.s00.t008" lemma = "جمعه" pos="NOUN">جمعه</instance>
<wf lemma="۲۳" pos="ADJ">۲۳</wf>
<instance id="d01.s00.t009" lemma = "اردیبهشت ماه" pos="NOUN">اردیبهشت ماه</instance>
<instance id="d01.s00.t010" lemma = "برگزار شدن" pos="VERB">برگزار می‌شود</instance>
<wf lemma="ضمن" pos="con">ضمن</wf>
<instance id="d01.s00.t011" lemma = "برگزاری" pos="NOUN">برگزاری</instance>
<instance id="d01.s00.t012" lemma = "نمایشگاه" pos="NOUN">نمایشگاه</instance>
<instance id="d01.s00.t013" lemma = "عکس" pos="NOUN">عکس</instance>
<instance id="d01.s00.t014" lemma = "نجومی" pos="ADJ">نجومی</instance>
<wf lemma="فعل دو جزیی" pos="V1">اقدام</wf>
<wf lemma="به" pos="P">به</wf>
<instance id="d01.s00.t015" lemma = "برگزاری" pos="NOUN">برگزاری</instance>
<instance id="d01.s00.t016" lemma = "کارگاه" pos="NOUN">کارگاه</instance>
<instance id="d01.s00.t017" lemma = "آموزش" pos="NOUN">آموزش</instance>
<instance id="d01.s00.t018" lemma = "عکاسی" pos="NOUN">عکاسی</instance>
<instance id="d01.s00.t019" lemma = "نجومی" pos="ADJ">نجومی</instance>
<instance id="d01.s00.t020" lemma = "اقدام کردن" pos="V2">می‌کند</instance>
</sentence>
<sentence id="d01.s01">
<instance id="d01.s01.t000" lemma = "اتحادیه" pos="NOUN">اتحادیه</instance>
<instance id="d01.s01.t001" lemma = "جهانی" pos="ADJ">جهانی</instance>
<instance id="d01.s01.t002" lemma = "ستاره شناسی" pos="NOUN">ستاره شناسی</instance>
<instance id="d01.s01.t003" lemma = "هر ساله" pos="ADV">هر ساله</instance>
<instance id="d01.s01.t004" lemma = "هفته" pos="NOUN">هفته</instance>
<wf lemma="و" pos="Con">و</wf>
<instance id="d01.s01.t005" lemma = "روز" pos="NOUN">روز</instance>
<instance id="d01.s01.t006" lemma = "جهانی" pos="ADJ">جهانی</instance>
<instance id="d01.s01.t007" lemma = "ستاره شناسی" pos="NOUN">ستاره شناسی</instance>
<wf lemma="را" pos="Obj marker">را</wf>
<wf lemma="در" pos="P">در</wf>
<wf lemma="سراسر" pos="ADJ">سراسر</wf>
<instance id="d01.s01.t008" lemma = "جهان" pos="NOUN">جهان</instance>
<wf lemma="و" pos="Con">و</wf>
<wf lemma="با" pos="P">با</wf>
<instance id="d01.s01.t009" lemma = "هماهنگی" pos="NOUN">هماهنگی</instance>
<instance id="d01.s01.t010" lemma = "مراکز" pos="NOUN">مراکز</instance>
<instance id="d01.s01.t011" lemma = "نجومی" pos="ADJ">نجومی</instance>
<instance id="d01.s01.t012" lemma = "برگزار کردن" pos="VERB">برگزار می‌کند</instance>
</sentence>
<sentence id="d01.s02">
<wf lemma="این" pos="ADJ">این</wf>
<instance id="d01.s02.t000" lemma = "مرکز" pos="NOUN">مرکز</instance>
<wf lemma="یکی" pos="NOUN">یکی</wf>
<wf lemma="از" pos="P">از</wf>
<instance id="d01.s02.t001" lemma = "روز" pos="NOUN">روزهای</instance>
<instance id="d01.s02.t002" lemma = "آخر" pos="NOUN">آخر</instance>
<instance id="d01.s02.t003" lemma = "هفته" pos="NOUN">هفته</instance>
<instance id="d01.s02.t004" lemma = "بین" pos="NOUN">بین</instance>
<instance id="d01.s02.t005" lemma = "۱۵" pos="ADJ">۱۵</instance>
<instance id="d01.s02.t006" lemma = "آوریل" pos="NOUN">آوریل</instance>
<wf lemma="تا" pos="P">تا</wf>
<instance id="d01.s02.t007" lemma = "۱۵" pos="ADJ">۱۵</instance>
<wf lemma="ماه" pos="NOUN">ماه</wf>
<instance id="d01.s02.t008" lemma = "می" pos="NOUN">می</instance>
<wf lemma="۲۶" pos="ADJ">۲۶</wf>
<instance id="d01.s02.t009" lemma = "فروردین" pos="NOUN">فروردین</instance>
<wf lemma="تا" pos="P">تا</wf>
<wf lemma="۲۵" pos="ADJ">۲۵</wf>
<instance id="d01.s02.t010" lemma = "اردیبهشت ماه" pos="NOUN">اردیبهشت ماه</instance>
<wf lemma="را" pos="Obj marker">را</wf>
<wf lemma="با" pos="P">با</wf>
<instance id="d01.s02.t011" lemma = "توجه" pos="NOUN">توجه</instance>
<wf lemma="به" pos="P">به</wf>
<instance id="d01.s02.t012" lemma = "تقویم" pos="NOUN">تقویم</instance>
<instance id="d01.s02.t013" lemma = "رسمی" pos="ADJ">رسمی</instance>
<instance id="d01.s02.t014" lemma = "کشور" pos="NOUN">کشورها</instance>
<instance id="d01.s02.t015" lemma = "روز" pos="NOUN">روز</instance>
<instance id="d01.s02.t016" lemma = "جهانی" pos="ADJ">جهانی</instance>
<instance id="d01.s02.t017" lemma = "نجوم" pos="NOUN">نجوم</instance>
<instance id="d01.s02.t018" lemma = "انتخاب کردن" pos="VERB">انتخاب کرده</instance>
<wf lemma="و" pos="Con">و</wf>
<wf lemma="در" pos="P">در</wf>
<wf lemma="این" pos="ADJ">این</wf>
<instance id="d01.s02.t019" lemma = "روز" pos="NOUN">روز</instance>
<wf lemma="به" pos="P">به</wf>
<wf lemma="معرفی" pos="NOUN">معرفی</wf>
<instance id="d01.s02.t020" lemma = "نجوم" pos="NOUN">نجوم</instance>
<wf lemma="برای" pos="P">برای</wf>
<instance id="d01.s02.t021" lemma = "عموم" pos="NOUN">عموم</instance>
<instance id="d01.s02.t022" lemma = "مردم" pos="NOUN">مردم</instance>
<instance id="d01.s02.t023" lemma = "پرداختن" pos="VERB">می‌پردازد</instance>
</sentence>
<sentence id="d01.s03">
<wf lemma="با" pos="P">با</wf>
<instance id="d01.s03.t000" lemma = "توجه" pos="NOUN">توجه</instance>
<wf lemma="به" pos="P">به</wf>
<instance id="d01.s03.t001" lemma = "تعریف" pos="NOUN">تعریف</instance>
<instance id="d01.s03.t002" lemma = "انتخاب" pos="NOUN">انتخاب</instance>
<instance id="d01.s03.t003" lemma = "روز" pos="NOUN">روز</instance>
<instance id="d01.s03.t004" lemma = "نجوم" pos="NOUN">نجوم</instance>
<wf lemma="یعنی" pos="Con">یعنی</wf>
<instance id="d01.s03.t005" lemma = "نزدیک" pos="ADJ">نزدیکترین</instance>
<instance id="d01.s03.t006" lemma = "روز" pos="NOUN">روز</instance>
<instance id="d01.s03.t007" lemma = "تعطیل" pos="ADJ">تعطیل</instance>
<instance id="d01.s03.t008" lemma = "هفته" pos="NOUN">هفته</instance>
<wf lemma="به" pos="P">به</wf>
<wf lemma="ربیع " pos="NOUN">ربیع</wf>
<instance id="d01.s03.t009" lemma = "اول" pos="ADJ">اول</instance>
<instance id="d01.s03.t010" lemma = "ماه" pos="NOUN">ماه</instance>
<instance id="d01.s03.t011" lemma = "قمری" pos="ADJ">قمری</instance>
<wf lemma="در" pos="P">در</wf>
<instance id="d01.s03.t012" lemma = "بازه" pos="NOUN">بازه</instance>
<instance id="d01.s03.t013" lemma = "۱۵" pos="ADJ">۱۵</instance>
<instance id="d01.s03.t014" lemma = "آوریل" pos="NOUN">آوریل</instance>
<wf lemma="تا" pos="P">تا</wf>
<instance id="d01.s03.t015" lemma = "۱۵" pos="ADJ">۱۵</instance>
<instance id="d01.s03.t016" lemma = "می" pos="NOUN">می</instance>
<instance id="d01.s03.t017" lemma = "هر" pos="ADJ">هر</instance>
<instance id="d01.s03.t018" lemma = "سال" pos="NOUN">سال</instance>
<wf lemma="و" pos="Con">و</wf>
<wf lemma="با" pos="P">با</wf>
<wf lemma="درنظر گرفتن" pos="NOUN">درنظر گرفتن</wf>
<instance id="d01.s03.t019" lemma = "جمعه" pos="NOUN">جمعه</instance>
<wf lemma="به عنوان" pos="Con">به عنوان</wf>
<instance id="d01.s03.t020" lemma = "روز" pos="NOUN">روز</instance>
<instance id="d01.s03.t021" lemma = "تعطیل" pos="ADJ">تعطیل</instance>
<instance id="d01.s03.t022" lemma = "رسمی" pos="ADJ">رسمی</instance>
<wf lemma="در" pos="P">در</wf>
<instance id="d01.s03.t023" lemma = "کشور" pos="NOUN">کشور</instance>
<instance id="d01.s03.t024" lemma = "جمهوری" pos="NOUN">جمهوری</instance>
<instance id="d01.s03.t025" lemma = "اسلامی" pos="ADJ">اسلامی</instance>
<instance id="d01.s03.t026" lemma = "ایران" pos="NOUN">ایران</instance>
<wf lemma="شاخه" pos="NOUN">شاخه</wf>
<instance id="d01.s03.t027" lemma = "آماتوری" pos="ADJ">آماتوری</instance>
<instance id="d01.s03.t028" lemma = "انجمن" pos="NOUN">انجمن</instance>
<instance id="d01.s03.t029" lemma = "نجوم" pos="NOUN">نجوم</instance>
<instance id="d01.s03.t030" lemma = "ایران" pos="NOUN">ایران</instance>
<instance id="d01.s03.t031" lemma = "روز" pos="NOUN">روز</instance>
<instance id="d01.s03.t032" lemma = "جمعه" pos="NOUN">جمعه</instance>
<wf lemma="۲۳" pos="ADJ">۲۳</wf>
<instance id="d01.s03.t033" lemma = "اردیبهشت ماه" pos="NOUN">اردیبهشت ماه</instance>
<wf lemma="۱۳۹۰" pos="ADJ">۱۳۹۰</wf>
<wf lemma="را" pos="Obj marker">را</wf>
<wf lemma="به عنوان" pos="Con">به عنوان</wf>
<instance id="d01.s03.t034" lemma = "روز" pos="NOUN">روز</instance>
<instance id="d01.s03.t035" lemma = "نجوم" pos="NOUN">نجوم</instance>
<wf lemma="و" pos="Con">و</wf>
<instance id="d01.s03.t036" lemma = "۱۷" pos="ADJ">۱۷</instance>
<wf lemma="تا" pos="P">تا</wf>
<wf lemma="۲۳" pos="ADJ">۲۳</wf>
<instance id="d01.s03.t037" lemma = "اردیبهشت" pos="NOUN">اردیبهشت</instance>
<instance id="d01.s03.t038" lemma = "سال" pos="NOUN">سال</instance>
<instance id="d01.s03.t039" lemma = "جاری" pos="ADJ">جاری</instance>
<wf lemma="را" pos="Obj marker">را</wf>
<wf lemma="به عنوان" pos="Con">به عنوان</wf>
<instance id="d01.s03.t040" lemma = "هفته" pos="NOUN">هفته</instance>
<instance id="d01.s03.t041" lemma = "نجوم" pos="NOUN">نجوم</instance>
<instance id="d01.s03.t042" lemma = "در نظر گرفتن" pos="VERB">در نظر گرفته است</instance>
</sentence>
<sentence id="d01.s04">
<wf lemma="در" pos="P">در</wf>
<wf lemma="این" pos="ADJ">این</wf>
<instance id="d01.s04.t000" lemma = "راستا" pos="NOUN">راستا</instance>
<instance id="d01.s04.t001" lemma = "پروژه" pos="NOUN">پروژه</instance>
<instance id="d01.s04.t002" lemma = "مناظر" pos="NOUN">مناظر</instance>
<instance id="d01.s04.t003" lemma = "آسمان" pos="NOUN">آسمان</instance>
<instance id="d01.s04.t004" lemma = "شب" pos="NOUN">شب</instance>
<instance id="d01.s04.t005" lemma = "ایران" pos="NOUN">ایران</instance>
<instance id="d01.s04.t006" lemma = "دومین" pos="ADJ">دومین</instance>
<instance id="d01.s04.t007" lemma = "نمایشگاه" pos="NOUN">نمایشگاه</instance>
<instance id="d01.s04.t008" lemma = "عکس" pos="NOUN">عکس</instance>
<wf lemma="خود" pos="Pro">خود</wf>
<wf lemma="را" pos="Obj marker">را</wf>
<wf lemma="در" pos="P">در</wf>
<instance id="d01.s04.t009" lemma = "روز" pos="NOUN">روز</instance>
<instance id="d01.s04.t010" lemma = "جهانی" pos="ADJ">جهانی</instance>
<instance id="d01.s04.t011" lemma = "نجوم" pos="NOUN">نجوم</instance>
<wf lemma="در" pos="P">در</wf>
<instance id="d01.s04.t012" lemma = "محل" pos="NOUN">محل</instance>
<instance id="d01.s04.t013" lemma = "مرکز" pos="NOUN">مرکز</instance>
<instance id="d01.s04.t014" lemma = "علوم" pos="NOUN">علوم</instance>
<wf lemma="و" pos="Con">و</wf>
<instance id="d01.s04.t015" lemma = "ستاره شناسی" pos="NOUN">ستاره شناسی</instance>
<instance id="d01.s04.t016" lemma = "تهران" pos="NOUN">تهران</instance>
<instance id="d01.s04.t017" lemma = "برگزار کردن" pos="VERB">برگزار خواهد کرد</instance>
</sentence>
<sentence id="d01.s05">
<wf lemma="در" pos="P">در</wf>
<wf lemma="این" pos="ADJ">این</wf>
<instance id="d01.s05.t000" lemma = "روز" pos="NOUN">روز</instance>
<wf lemma="علاوه بر" pos="Con">علاوه بر</wf>
<instance id="d01.s05.t001" lemma = "نمایشگاه" pos="NOUN">نمایشگاه</instance>
<instance id="d01.s05.t002" lemma = "عکس" pos="NOUN">عکس</instance>
<instance id="d01.s05.t003" lemma = "کارگاه" pos="NOUN">کارگاه</instance>
<instance id="d01.s05.t004" lemma = "آموزش" pos="NOUN">آموزش</instance>
<instance id="d01.s05.t005" lemma = "عکاسی" pos="NOUN">عکاسی</instance>
<instance id="d01.s05.t006" lemma = "نجومی" pos="ADJ">نجومی</instance>
<wf lemma="نیز" pos="Con">نیز</wf>
<instance id="d01.s05.t007" lemma = "برگزار شدن" pos="VERB">برگزار خواهد شد</instance>
<wf lemma="تا" pos="Con">تا</wf>
<wf lemma="علاقه مند" pos="NOUN">علاقه مندان</wf>
<instance id="d01.s05.t008" lemma = "مبانی" pos="NOUN">مبانی</instance>
<instance id="d01.s05.t009" lemma = "عکاسی" pos="NOUN">عکاسی</instance>
<instance id="d01.s05.t010" lemma = "نجومی" pos="ADJ">نجومی</instance>
<wf lemma="را" pos="Obj marker">را</wf>
<instance id="d01.s05.t011" lemma = "فرا گرفتن" pos="VERB">فرا بگیرند</instance>
</sentence>
<sentence id="d01.s06">
<instance id="d01.s06.t000" lemma = "نمایش" pos="NOUN">نمایش</instance>
<instance id="d01.s06.t001" lemma = "رصد" pos="NOUN">رصد</instance>
<instance id="d01.s06.t002" lemma = "روزانه" pos="ADJ">روزانه</instance>
<wf lemma="و" pos="Con">و</wf>
<instance id="d01.s06.t003" lemma = "رصد" pos="NOUN">رصد</instance>
<instance id="d01.s06.t004" lemma = "شبانه" pos="ADJ">شبانه</instance>
<instance id="d01.s06.t005" lemma = "مسابقه" pos="NOUN">مسابقه</instance>
<instance id="d01.s06.t006" lemma = "آشنایی" pos="NOUN">آشنایی</instance>
<wf lemma="با" pos="P">با</wf>
<instance id="d01.s06.t007" lemma = "ابزار" pos="NOUN">ابزار</instance>
<instance id="d01.s06.t008" lemma = "نجومی" pos="ADJ">نجومی</instance>
<instance id="d01.s06.t009" lemma = "سخنرانی" pos="NOUN">سخنرانی‌ها</instance>
<wf lemma="و" pos="Con">و</wf>
<instance id="d01.s06.t010" lemma = "بازدید" pos="NOUN">بازدیدهای</instance>
<instance id="d01.s06.t011" lemma = "علمی" pos="ADJ">علمی</instance>
<wf lemma="از" pos="P">از</wf>
<instance id="d01.s06.t012" lemma = "دیگر" pos="ADJ">دیگر</instance>
<instance id="d01.s06.t013" lemma = "برنامه" pos="NOUN">برنامه‌های</instance>
<instance id="d01.s06.t014" lemma = "مرکز" pos="NOUN">مرکز</instance>
<instance id="d01.s06.t015" lemma = "علوم" pos="NOUN">علوم</instance>
<wf lemma="و" pos="Con">و</wf>
<instance id="d01.s06.t016" lemma = "ستاره شناسی" pos="NOUN">ستاره شناسی</instance>
<instance id="d01.s06.t017" lemma = "تهران" pos="NOUN">تهران</instance>
<instance id="d01.s06.t018" lemma = "بودن" pos="VERB">است</instance>
<wf lemma="و" pos="Con">و</wf>
<wf lemma="علاقه مند" pos="NOUN">علاقه مندان</wf>
<instance id="d01.s06.t019" lemma = "توانستن" pos="VERB">می‌توانند</instance>
<wf lemma="از" pos="P">از</wf>
<instance id="d01.s06.t020" lemma = "برنامه" pos="NOUN">برنامه‌های</instance>
<wf lemma="این" pos="ADJ">این</wf>
<instance id="d01.s06.t021" lemma = "مرکز" pos="NOUN">مرکز</instance>
<wf lemma="در" pos="P">در</wf>
<instance id="d01.s06.t022" lemma = "روز" pos="NOUN">روز</instance>
<wf lemma="۲۳" pos="ADJ">۲۳</wf>
<instance id="d01.s06.t023" lemma = "اردیبهشت" pos="NOUN">اردیبهشت</instance>
<wf lemma="از" pos="P">از</wf>
<instance id="d01.s06.t024" lemma = "ساعت" pos="NOUN">ساعت</instance>
<instance id="d01.s06.t025" lemma = "۱۴" pos="ADJ">۱۴</instance>
<wf lemma="تا" pos="P">تا</wf>
<wf lemma="۲۲" pos="ADJ">۲۲</wf>
<instance id="d01.s06.t026" lemma = "بهره مند شدن" pos="VERB">بهره مند شوند</instance>
</sentence>
<text id=d1>
<sentence id="d02.s00">
<instance id="d02.s00.t000" lemma = "معماری" pos="NOUN">معماری</instance>
<instance id="d02.s00.t001" lemma = "ایرانی" pos="ADJ">ایرانی</instance>
<wf lemma="به خاطر" pos="Con">به خاطر</wf>
<instance id="d02.s00.t002" lemma = "جذابیت" pos="NOUN">جذابیت</instance>
<instance id="d02.s00.t003" lemma = "بالا" pos="ADJ">بالایی</instance>
<wf lemma="که" pos="Con">که</wf>
<instance id="d02.s00.t004" lemma = "داشتن" pos="VERB">دارد</instance>
<wf lemma="در" pos="P">در</wf>
<instance id="d02.s00.t005" lemma = "نشریه" pos="NOUN">نشریات</instance>
<instance id="d02.s00.t006" lemma = "اینترنتی" pos="ADJ">اینترنتی</instance>
<instance id="d02.s00.t007" lemma = "معماری" pos="NOUN">معماری</instance>
<instance id="d02.s00.t008" lemma = "جهان" pos="NOUN">جهان</instance>
<wf lemma="جای" pos="NOUN">جای</wf>
<wf lemma="خود" pos="Pro">خود</wf>
<wf lemma="را" pos="obj marker">را</wf>
<wf lemma="باز نمودن" pos="VERB">باز نموده است</wf>
</sentence>
<sentence id="d02.s01">
<wf lemma="حتی" pos="Con">حتی</wf>
<wf lemma="بسیاری" pos="det">بسیاری</wf>
<wf lemma="از" pos="P">از</wf>
<instance id="d02.s01.t000" lemma = "بنا" pos="NOUN">بناهای</instance>
<wf lemma="معماری" pos="NOUN">معماری</wf>
<instance id="d02.s01.t001" lemma = "ایران" pos="NOUN">ایران</instance>
<wf lemma="که" pos="Con">که</wf>
<wf lemma="توسط" pos="P">توسط</wf>
<instance id="d02.s01.t002" lemma = "متخصص" pos="NOUN">متخصصین</instance>
<instance id="d02.s01.t003" lemma = "معماری" pos="NOUN">معماری</instance>
<wf lemma="مورد توجه" pos="ADJ">مورد توجه</wf>
<wf lemma="قرار گرفتن" pos="VERB">قرار می‌گیرد</wf>
<instance id="d02.s01.t004" lemma = "بنا" pos="NOUN">بناهایی</instance>
<instance id="d02.s01.t005" lemma = "بودن" pos="VERB">است</instance>
<wf lemma="که" pos="Con">که</wf>
<wf lemma="بسیاری" pos="ADJ">بسیاری</wf>
<wf lemma="از" pos="P">از</wf>
<instance id="d02.s01.t006" lemma = "ایرانی" pos="NOUN">ایرانیان</instance>
<wf lemma="از" pos="P">از</wf>
<wf lemma="آن" pos="Pro">آن</wf>
<instance id="d02.s01.t007" lemma = "بی اطلاع" pos="ADJ">بی اطلاع</instance>
<instance id="d02.s01.t008" lemma = "بودن" pos="VERB">بوده</instance>
<wf lemma="و" pos="Con">و</wf>
<wf lemma="آن" pos="Pro">آن</wf>
<wf lemma="را" pos="obj marker">را</wf>
<instance id="d02.s01.t009" lemma = "دیدن" pos="VERB">ندیده اند</instance>
</sentence>
<sentence id="d02.s02">
<wf lemma="یکی" pos="det">یکی</wf>
<wf lemma="از" pos="P">از</wf>
<wf lemma="این" pos="ADJ">این</wf>
<instance id="d02.s02.t000" lemma = "بنا" pos="NOUN">بناها</instance>
<instance id="d02.s02.t001" lemma = "حمام" pos="NOUN">حمام</instance>
<wf lemma="علی قلی آقا" pos="NOUN">علی قلی آقا</wf>
<wf lemma="در" pos="P">در</wf>
<instance id="d02.s02.t002" lemma = "اصفهان" pos="NOUN">اصفهان</instance>
<instance id="d02.s02.t003" lemma = "بودن" pos="VERB">است</instance>
<wf lemma="که" pos="Con">که</wf>
<wf lemma="در" pos="P">در</wf>
<instance id="d02.s02.t004" lemma = "سایت" pos="NOUN">سایت‌های</instance>
<instance id="d02.s02.t005" lemma = "تخصصی" pos="ADJ">تخصصی</instance>
<instance id="d02.s02.t006" lemma = "معماری" pos="NOUN">معماری</instance>
<instance id="d02.s02.t007" lemma = "انگلیسی" pos="ADJ">انگلیسی</instance>
<wf lemma="و" pos="Con">و</wf>
<instance id="d02.s02.t008" lemma = "اسپانیایی زبان" pos="ADJ">اسپانیایی زبان</instance>
<wf lemma="به" pos="P">به</wf>
<instance id="d02.s02.t009" lemma = "صورت" pos="NOUN">صورت</instance>
<instance id="d02.s02.t010" lemma = "زیر" pos="NOUN">زیر</instance>
<wf lemma="انعکاس یافتن" pos="VERB">انعکاس یافته است</wf>
</sentence>
<sentence id="d02.s03">
<instance id="d02.s03.t000" lemma = "حمام" pos="NOUN">حمام‌های</instance>
<instance id="d02.s03.t001" lemma = "عمومی" pos="ADJ">عمومی</instance>
<instance id="d02.s03.t002" lemma = "نقش" pos="NOUN">نقش</instance>
<instance id="d02.s03.t003" lemma = "بسیار" pos="ADV">بسیار</instance>
<instance id="d02.s03.t004" lemma = "مهم" pos="ADJ">مهمی</instance>
<wf lemma="را" pos="obj marker">را</wf>
<wf lemma="در" pos="P">در</wf>
<instance id="d02.s03.t005" lemma = "معماری" pos="NOUN">معماری</instance>
<instance id="d02.s03.t006" lemma = "ایران" pos="NOUN">ایران</instance>
<wf lemma="پیش از" pos="P">پیش از</wf>
<instance id="d02.s03.t007" lemma = "اسلام" pos="NOUN">اسلام</instance>
<instance id="d02.s03.t008" lemma = "بازی کردن" pos="VERB">بازی کرده اند</instance>
<wf lemma="و" pos="P">و</wf>
<instance id="d02.s03.t009" lemma = "آب" pos="NOUN">آب</instance>
<wf lemma="و" pos="Con">و</wf>
<instance id="d02.s03.t010" lemma = "نظافت" pos="NOUN">نظافت</instance>
<instance id="d02.s03.t011" lemma = "نزد" pos="NOUN">نزد</instance>
<instance id="d02.s03.t012" lemma = "ایرانی" pos="NOUN">ایرانیان</instance>
<instance id="d02.s03.t013" lemma = "بسیار" pos="ADV">بسیار</instance>
<instance id="d02.s03.t014" lemma = "اهمیت داشتن" pos="VERB">اهمیت داشت</instance>
</sentence>
<sentence id="d02.s04">
<wf lemma="این" pos="ADJ">این</wf>
<instance id="d02.s04.t000" lemma = "نقش" pos="NOUN">نقش</instance>
<wf lemma="پس از" pos="P">پس از</wf>
<instance id="d02.s04.t001" lemma = "ظهور" pos="NOUN">ظهور</instance>
<instance id="d02.s04.t002" lemma = "اسلام" pos="NOUN">اسلام</instance>
<wf lemma="از" pos="P">از</wf>
<instance id="d02.s04.t003" lemma = "اهمیت" pos="NOUN">اهمیت</instance>
<wf lemma="بیشتری" pos="ADJ">بیشتری</wf>
<instance id="d02.s04.t004" lemma = "برخوردار شدن" pos="VERB">برخوردار شد</instance>
<wf lemma="چراکه" pos="Con">چراکه</wf>
<instance id="d02.s04.t005" lemma = "اسلام" pos="NOUN">اسلام</instance>
<wf lemma="به" pos="P">به</wf>
<instance id="d02.s04.t006" lemma = "نظافت" pos="NOUN">نظافت</instance>
<wf lemma="فعل دو جزیی" pos="V1">اهمیت</wf>
<instance id="d02.s04.t007" lemma = "زیاد" pos="ADJ">زیادی</instance>
<instance id="d02.s04.t008" lemma = "اهمیت دادن" pos="V2">می‌داد</instance>
<wf lemma="و" pos="Con">و</wf>
<wf lemma="در" pos="P">در</wf>
<wf lemma="این" pos="ADJ">این</wf>
<instance id="d02.s04.t009" lemma = "آیین" pos="NOUN">آیین</instance>
<instance id="d02.s04.t010" lemma = "طهارت" pos="NOUN">طهارت</instance>
<instance id="d02.s04.t011" lemma = "امر" pos="NOUN">امری</instance>
<wf lemma="ورا" pos="NOUN">ورای</wf>
<instance id="d02.s04.t012" lemma = "نظافت" pos="NOUN">نظافت</instance>
<wf lemma="تعریف شدن" pos="VERB">تعریف می‌شد</wf>
</sentence>
<sentence id="d02.s05">
<wf lemma="به گونه‌ای که" pos="Con">به گونه‌ای که</wf>
<instance id="d02.s05.t000" lemma = "هر" pos="ADJ">هر</instance>
<instance id="d02.s05.t001" lemma = "مسلمان" pos="NOUN">مسلمان</instance>
<wf lemma="پس از" pos="P">پس از</wf>
<instance id="d02.s05.t002" lemma = "بروز" pos="NOUN">بروز</instance>
<wf lemma="برخی" pos="ADJ">برخی</wf>
<instance id="d02.s05.t003" lemma = "شرایط" pos="NOUN">شرایط</instance>
<instance id="d02.s05.t004" lemma = "جسمی" pos="ADJ">جسمی</instance>
<instance id="d02.s05.t005" lemma = "انجام" pos="NOUN">انجام</instance>
<instance id="d02.s05.t006" lemma = "غسل" pos="NOUN">غسل هایی</instance>
<wf lemma="بر" pos="P">بر</wf>
<wf lemma="او" pos="Pro">او</wf>
<instance id="d02.s05.t007" lemma = "واجب شدن" pos="VERB">واجب شده</instance>
<wf lemma="و" pos="Con">و</wf>
<wf lemma="برای" pos="P">برای</wf>
<instance id="d02.s05.t008" lemma = "خواندن" pos="NOUN">خواندن</instance>
<instance id="d02.s05.t009" lemma = "نماز" pos="NOUN">نمازهای</instance>
<instance id="d02.s05.t010" lemma = "یومیه" pos="ADJ">یومیه</instance>
<wf lemma="به" pos="P">به</wf>
<instance id="d02.s05.t011" lemma = "استحمام" pos="NOUN">استحمام</instance>
<instance id="d02.s05.t012" lemma = "نیاز پیدا کردن" pos="VERB">نیاز پیدا می‌کرد</instance>
</sentence>
<sentence id="d02.s06">
<wf lemma="لذا" pos="Con">لذا</wf>
<wf lemma="از" pos="P">از</wf>
<instance id="d02.s06.t000" lemma = "اصلی" pos="ADJ">اصلی‌ترین</instance>
<instance id="d02.s06.t001" lemma = "فضا" pos="NOUN">فضاهای</instance>
<instance id="d02.s06.t002" lemma = "معماری" pos="NOUN">معماری</instance>
<instance id="d02.s06.t003" lemma = "ایران" pos="NOUN">ایران</instance>
<instance id="d02.s06.t004" lemma = "حمام" pos="NOUN">حمام‌های</instance>
<instance id="d02.s06.t005" lemma = "عمومی" pos="ADJ">عمومی</instance>
<instance id="d02.s06.t006" lemma = "بودن" pos="VERB">است</instance>
</sentence>
<sentence id="d02.s07">
<wf lemma="علاوه بر" pos="Con">علاوه بر</wf>
<instance id="d02.s07.t000" lemma = "استحمام" pos="NOUN">استحمام</instance>
<wf lemma="در" pos="P">در</wf>
<wf lemma="این" pos="ADJ">این</wf>
<instance id="d02.s07.t001" lemma = "فضا" pos="NOUN">فضاها</instance>
<instance id="d02.s07.t002" lemma = "خدمت" pos="NOUN">خدمات</instance>
<instance id="d02.s07.t003" lemma = "بسیار" pos="ADJ">بسیاری</instance>
<wf lemma="از" pos="P">از</wf>
<wf lemma="جمله" pos="NOUN">جمله</wf>
<instance id="d02.s07.t004" lemma = "ماساژ" pos="NOUN">ماساژ</instance>
<instance id="d02.s07.t005" lemma = "سلمانی" pos="NOUN">سلمانی</instance>
<wf lemma="و" pos="Con">و</wf>
<instance id="d02.s07.t006" lemma = "اصلاح" pos="NOUN">اصلاح</instance>
<instance id="d02.s07.t007" lemma = "مو" pos="NOUN">موهای</instance>
<instance id="d02.s07.t008" lemma = "سر" pos="NOUN">سر</instance>
<wf lemma="و" pos="Con">و</wf>
<instance id="d02.s07.t009" lemma = "بدن" pos="NOUN">بدن</instance>
<instance id="d02.s07.t010" lemma = "حجامت" pos="NOUN">حجامت</instance>
<wf lemma="و" pos="Con">و</wf>
<wf lemma="برخی" pos="ADJ">برخی</wf>
<instance id="d02.s07.t011" lemma = "خدمت" pos="NOUN">خدمات</instance>
<instance id="d02.s07.t012" lemma = "دیگر" pos="ADJ">دیگر</instance>
<instance id="d02.s07.t013" lemma = "ارایه شدن" pos="VERB">ارایه می‌شد</instance>
</sentence>
<sentence id="d02.s08">
<wf lemma="این" pos="ADJ">این</wf>
<instance id="d02.s08.t000" lemma = "حمام" pos="NOUN">حمام‌ها</instance>
<instance id="d02.s08.t001" lemma = "بیشتر" pos="ADV">بیشتر</instance>
<wf lemma="در" pos="P">در</wf>
<instance id="d02.s08.t002" lemma = "مناطق" pos="NOUN">مناطق</instance>
<instance id="d02.s08.t003" lemma = "شلوغ" pos="ADJ">شلوغ</instance>
<instance id="d02.s08.t004" lemma = "شهری" pos="ADJ">شهری</instance>
<wf lemma="همچون" pos="Con">همچون</wf>
<instance id="d02.s08.t005" lemma = "مجاورت" pos="NOUN">مجاورت</instance>
<instance id="d02.s08.t006" lemma = "بازار" pos="NOUN">بازارها</instance>
<instance id="d02.s08.t007" lemma = "ایجاد شدن" pos="VERB">ایجاد می‌شد</instance>
<wf lemma="که" pos="Con">که</wf>
<wf lemma="بیشتر" pos="det">بیشتر</wf>
<wf lemma="آنها" pos="Pro">آنها</wf>
<wf lemma="از" pos="P">از</wf>
<instance id="d02.s08.t008" lemma = "موقوف" pos="NOUN">موقوفات</instance>
<instance id="d02.s08.t009" lemma = "مذهبی" pos="ADJ">مذهبی</instance>
<instance id="d02.s08.t010" lemma = "بودن" pos="VERB">هستند</instance>
</sentence>
<sentence id="d02.s09">
<instance id="d02.s09.t000" lemma = "حمام" pos="NOUN">حمام</instance>
<wf lemma="علی قلی آقا" pos="NOUN">علی قلی آقا</wf>
<wf lemma="در" pos="P">در</wf>
<instance id="d02.s09.t001" lemma = "اصفهان" pos="NOUN">اصفهان</instance>
<wf lemma="یکی" pos="NOUN">یکی</wf>
<wf lemma="از" pos="P">از</wf>
<instance id="d02.s09.t002" lemma = "نمونه" pos="NOUN">نمونه‌های</instance>
<instance id="d02.s09.t003" lemma = "زیبا" pos="ADJ">زیبای</instance>
<instance id="d02.s09.t004" lemma = "حمام" pos="NOUN">حمام</instance>
<wf lemma="در" pos="p">در</wf>
<instance id="d02.s09.t005" lemma = "ایران" pos="NOUN">ایران</instance>
<instance id="d02.s09.t006" lemma = "بودن" pos="VERB">است</instance>
<wf lemma="که" pos="Con">که</wf>
<wf lemma="به" pos="P">به</wf>
<instance id="d02.s09.t007" lemma = "دلیل" pos="NOUN">دلایل</instance>
<instance id="d02.s09.t008" lemma = "بهداشتی" pos="ADJ">بهداشتی</instance>
<wf lemma="پس از" pos="P">پس از</wf>
<instance id="d02.s09.t009" lemma = "انقلاب" pos="NOUN">انقلاب</instance>
<instance id="d02.s09.t010" lemma = "اسلامی" pos="ADJ">اسلامی</instance>
<instance id="d02.s09.t011" lemma = "کاربری" pos="NOUN">کاربری</instance>
<wf lemma="آن" pos="Pro">آن</wf>
<instance id="d02.s09.t012" lemma = "تعطیل شدن" pos="VERB">تعطیل</instance>
<wf lemma="و" pos="Con">و</wf>
<wf lemma="به" pos="P">به</wf>
<instance id="d02.s09.t013" lemma = "موزه" pos="NOUN">موزه</instance>
<instance id="d02.s09.t014" lemma = "مردم شناسی" pos="NOUN">مردم شناسی</instance>
<instance id="d02.s09.t015" lemma = "تبدیل شدن" pos="VERB">تبدیل شد</instance>
</sentence>
